145.013889,35.5076909805266
144.986111,35.5081545396261
144.958333,35.5087691777487
144.930556,35.5095127633259
144.902778,35.5103787645149
144.875,35.5113474346439
144.847222,35.5124104342889
144.819444,35.5135656143375
144.791667,35.5147947855391
144.763889,35.516101258428
144.736111,35.5174704174316
144.708333,35.5188870840036
144.697644286623,35.519444
144.680556,35.520320901958
144.652778,35.521777699946
144.625,35.5232494000081
144.597222,35.5247282995119
144.569444,35.5261989383022
144.541667,35.5276601130143
144.513889,35.5291022960346
144.486111,35.5305210412802
144.458333,35.5319096672184
144.430556,35.5332583177766
144.402778,35.5345625901226
144.375,35.5358271403056
144.347222,35.5370469599062
144.319444,35.538224839201
144.291667,35.5393556949967
144.263889,35.5404372457872
144.236111,35.5414782128065
144.208333,35.5424837175218
144.180556,35.543443307653
144.152778,35.5443693578118
144.125,35.5452506785643
144.097222,35.5460818953093
144.069444,35.5468578003755
144.055263289811,35.547222
144.041667,35.5475636454705
144.013889,35.5481863289559
143.986111,35.5487419418276
143.958333,35.54921831539
143.930556,35.5496160367458
143.902778,35.5499338504089
143.875,35.5501666250015
143.847222,35.5503050571142
143.819444,35.5503475432978
143.791667,35.5502954940685
143.763889,35.5501459481763
143.736111,35.5499015668193
143.708333,35.5495576205334
143.680556,35.5491000431041
143.652778,35.5485350653281
143.625,35.5478653104681
143.601566944776,35.547222
143.597222,35.5470998984981
143.569444,35.5462077317255
143.541667,35.5452127561606
143.513889,35.5441068821473
143.486111,35.5428956328558
143.458333,35.5415745009075
143.430556,35.5401503363177
143.402778,35.5386253122019
143.375,35.5369835301617
143.347222,35.5352361948937
143.319444,35.5333840473167
143.291667,35.5314306157598
143.263889,35.5293742724405
143.236111,35.5272167833964
143.208333,35.5249533935106
143.180556,35.522583640235
143.152778,35.5201093083179
143.145592417513,35.519444
143.125,35.5174916575914
143.097222,35.5147514003135
143.069444,35.5119100528879
143.041667,35.5089648371629
143.013889,35.5059153466881
142.986111,35.5027554530362
142.958333,35.4994964733719
142.930556,35.4961336102411
142.902778,35.4926640820435
142.895040729872,35.491667
142.875,35.4890222233929
142.847222,35.4852462332554
142.819444,35.4813640462849
142.791667,35.477376270807
142.763889,35.4732828849745
142.736111,35.4690834000228
142.708333,35.4647741895338
142.702778844593,35.463889
142.680556,35.4602684447344
142.652778,35.4556213921701
142.625,35.4508535063982
142.597222,35.4459615917878
142.569444,35.440947408614
142.543319930517,35.436111
142.541667,35.4357979324692
142.513889,35.430402790528
142.486111,35.4248788918583
142.458333,35.4192275412295
142.430556,35.4134459666757
142.406515957399,35.408333
142.402778,35.4075198062602
142.375,35.401340516753
142.347222,35.3950368451352
142.319444,35.3886042752927
142.291667,35.382044985694
142.285494202628,35.380556
142.263889,35.3752352136569
142.236111,35.3682685662845
142.208333,35.3611790992296
142.180556,35.3539625198111
142.17608984984,35.352778
142.152778,35.3464598545934
142.125,35.3387965314365
142.097222,35.3310019862841
142.076198693174,35.325
142.069444,35.3230257302493
142.041667,35.3147509654818
142.013889,35.3063529458992
141.986111,35.2978554314796
141.984079109926,35.297222
141.958333,35.2889922703508
141.930556,35.2799996921649
141.902778,35.2708975751898
141.898422500195,35.269444
141.875,35.2614255775101
141.847222,35.2518225720058
141.819444,35.242100277418
141.818229143684,35.241667
141.791667,35.2319238962167
141.763889,35.2216272892152
141.743271880506,35.213889
141.736111,35.2111210089386
141.708333,35.2002410226968
141.680556,35.189287962494
141.672602928905,35.186111
141.652778,35.1779430101322
141.625,35.1664042235766
141.605744985794,35.158333
141.597222,35.154647874856
141.569444,35.1424933412888
141.542255957793,35.130556
141.541667,35.1302891340352
141.513889,35.1175382958694
141.486111,35.1047732639498
141.481816447691,35.102778
141.458333,35.0915364603359
141.430556,35.0782348599345
141.423839949379,35.075
141.402778,35.0645464575458
141.375,35.050756346136
141.367916183336,35.047222
141.347222,35.0365911086162
141.319444,35.0223557828252
141.31377897248,35.019444
141.291667,35.0077733220492
141.263889,34.9932068230827
141.260973194516,34.991667
141.236111,34.9781432816756
141.209750419009,34.963889
141.208333,34.9631001798434
141.180556,34.9475576876294
141.159984562186,34.936111
141.152778,34.9319729659835
141.125,34.9160584387643
141.111415198338,34.908333
141.097222,34.8999923663319
141.069444,34.8837586284686
141.063963769739,34.880556
141.041667,34.8671353937624
141.01753936342,34.852778
141.013889,34.8505273934518
140.986111,34.83344986207
140.972188094796,34.825
140.958333,34.8163092911154
140.930556,34.7990043290052
140.927679512881,34.797222
140.902778,34.7812789860883
140.884124731005,34.769444
140.875,34.7634451397097
140.847222,34.7452858226578
140.841666277824,34.741667
140.819444,34.7266467847645
140.800430167069,34.713889
140.791667,34.7077917858845
140.763889,34.688605989842
140.760237389241,34.686111
140.736111,34.6691602016209
140.720479486479,34.658333
140.708333,34.6496120026821
140.681560060488,34.630556
140.680556,34.6298139390339
140.652778,34.6094558156295
140.643528965802,34.602778
140.625,34.5889216392736
140.606144019124,34.575
140.597222,34.5681452505535
140.569717022911,34.547222
140.569444,34.5470061361752
140.541667,34.5252688455812
140.534152842988,34.519444
140.513889,34.5031266412968
140.499504106046,34.491667
140.486111,34.4805996287259
140.465613893085,34.463889
140.458333,34.4577705522643
140.432043021278,34.436111
140.430556,34.4348539185081
140.402778,34.4118426387793
140.398459239714,34.408333
140.375,34.388603371898
140.365312435522,34.380556
140.347222,34.3651645491884
140.332558096415,34.352778
140.319444,34.3414155748528
140.300217313829,34.325
140.291667,34.3175629134913
140.267898614382,34.297222
140.263889,34.2937553412667
140.236111,34.270216671704
140.235185377163,34.269444
140.208333,34.2466584434431
140.202425838066,34.241667
140.180556,34.2228837835908
140.170131804085,34.213889
140.152778,34.1986888001093
140.138520042057,34.186111
140.125,34.1740956055604
140.107123445534,34.158333
140.097222,34.1495775589845
140.075261265878,34.130556
140.069444,34.1255875404897
140.041667,34.1031017194704
140.041266912321,34.102778
140.013889,34.080115187536
140.008142290388,34.075
139.986111,34.05520486153
139.975574978219,34.047222
139.958333,34.0346808260357
139.934518993032,34.019444
139.930556,34.0167905742982
139.902778,33.9959450244616
139.896999646874,33.991667
139.875,33.9751437769712
139.858662273916,33.963889
139.847222,33.9556217495482
139.819444,33.9376238056896
139.816890640468,33.936111
139.791667,33.9198353824506
139.772796624819,33.908333
139.763889,33.9021460204823
139.736111,33.8835169910914
139.731646191213,33.880556
139.708333,33.8627708219747
139.695628457729,33.852778
139.680556,33.8388926607164
139.666318227626,33.825
139.652778,33.8101661955255
139.641639938484,33.797222
139.625,33.7748524935341
139.621289150319,33.769444
139.604108330626,33.741667
139.597222,33.7293324986107
139.588914077229,33.713889
139.575056003775,33.686111
139.569444,33.6731969213273
139.563553904451,33.658333
139.553389057089,33.630556
139.544794859576,33.602778
139.541667,33.592126678283
139.537002759582,33.575
139.530266373005,33.547222
139.524946948292,33.519444
139.520525653362,33.491667
139.516807746821,33.463889
139.515261368485,33.436111
139.51590667874,33.408333
139.517627058487,33.380556
139.519382095849,33.352778
139.520969107329,33.325
139.522246063643,33.297222
139.524835356259,33.269444
139.528801628811,33.241667
139.53350870621,33.213889
139.538231431646,33.186111
139.541667,33.1650497445964
139.542823652284,33.158333
139.546617012397,33.130556
139.549233632606,33.102778
139.550429328972,33.075
139.550753793003,33.047222
139.551040967141,33.019444
139.551258010134,32.991667
139.550592383692,32.963889
139.549417911378,32.936111
139.54804604194,32.908333
139.546680693375,32.880556
139.545417968336,32.852778
139.543954807679,32.825
139.541884439102,32.797222
139.541667,32.7947048756607
139.539584948239,32.769444
139.53808058496,32.741667
139.536195633526,32.713889
139.534641899625,32.686111
139.53430867493,32.658333
139.533268643036,32.630556
139.530064162628,32.602778
139.527677046472,32.575
139.525777349145,32.547222
139.523248423476,32.519444
139.520581417564,32.491667
139.517787430381,32.463889
139.514593645934,32.436111
139.513889,32.4305973957337
139.511142666493,32.408333
139.50748432048,32.380556
139.503686981884,32.352778
139.499658007109,32.325
139.495440532568,32.297222
139.490561406913,32.269444
139.486111,32.2450246114077
139.485516774444,32.241667
139.480388853331,32.213889
139.474926981153,32.186111
139.468935299169,32.158333
139.4628087153,32.130556
139.458333,32.1106486707445
139.456605364451,32.102778
139.449997474224,32.075
139.443088506271,32.047222
139.435417626322,32.019444
139.430556,32.0027214960917
139.427417906017,31.991667
139.419707550718,31.963889
139.411607097891,31.936111
139.403127215793,31.908333
139.402778,31.9073270702743
139.393548181304,31.880556
139.382639861519,31.852778
139.375,31.8336265365844
139.371532981082,31.825
139.360776493198,31.797222
139.350486913391,31.769444
139.347222,31.7616262642514
139.338562112478,31.741667
139.32552845895,31.713889
139.319444,31.7007885472096
139.312799597541,31.686111
139.299349000978,31.658333
139.291667,31.6428399273247
139.285682642641,31.630556
139.2710158807,31.602778
139.263889,31.5914335318571
139.253392667086,31.575
139.236111,31.5479171175456
139.235667453877,31.547222
139.218663952188,31.519444
139.208333,31.5019763687572
139.202409091915,31.491667
139.184617180577,31.463889
139.180556,31.4586689329666
139.163072599409,31.436111
139.152778,31.422265829496
139.142294210654,31.408333
139.125,31.3863424055363
139.120427785633,31.380556
139.097559525389,31.352778
139.097222,31.3523896222535
139.073150456589,31.325
139.069444,31.3208997199863
139.047872996836,31.297222
139.041667,31.2906429513897
139.021082810634,31.269444
139.013889,31.262394599214
138.991401004647,31.241667
138.986111,31.2369878929436
138.959767558402,31.213889
138.958333,31.2126439520157
138.930556,31.1875744142369
138.928983016215,31.186111
138.902778,31.1628647860843
138.89718484027,31.158333
138.875,31.1412485335852
138.860746063326,31.130556
138.847222,31.1209610620854
138.820369028408,31.102778
138.819444,31.1021522169958
138.791667,31.0839339501156
138.777158368206,31.075
138.763889,31.0669867373734
138.736111,31.0506707730666
138.730393352779,31.047222
138.708333,31.0333139339908
138.683348647088,31.019444
138.680556,31.0180187057891
138.652778,31.0041341790521
138.627510042259,30.991667
138.625,30.9904633923173
138.597222,30.9779770323715
138.569444,30.9659953792117
138.564259203397,30.963889
138.541667,30.9549550797085
138.513889,30.9450821412541
138.488147235132,30.936111
138.486111,30.9353899577848
138.458333,30.9263986535062
138.430556,30.9181242285113
138.402778,30.9105694151653
138.393671097775,30.908333
138.375,30.9036905797135
138.347222,30.8974097302913
138.319444,30.8918174740404
138.291667,30.8868552395895
138.263889,30.8825287620347
138.249105755181,30.880556
138.236111,30.8787825823756
138.208333,30.8755736393973
138.180556,30.8729025544408
138.152778,30.8707553940083
138.125,30.8691472256013
138.097222,30.8680732479668
138.069444,30.8674869955047
138.041667,30.8674293882363
138.013889,30.867866934428
137.986111,30.8687575265241
137.958333,30.8701051208425
137.930556,30.8719234688274
137.902778,30.8741960238827
137.875,30.8769356924276
137.847222,30.8801503112552
137.844192974037,30.880556
137.819444,30.8837572473442
137.791667,30.8878383528566
137.763889,30.8924025212721
137.736111,30.8974365499494
137.708333,30.9029463749746
137.683381387694,30.908333
137.680556,30.9089244692169
137.652778,30.9151790466951
137.625,30.921883920885
137.597222,30.929039700356
137.57146103693,30.936111
137.569444,30.9366497399781
137.541667,30.9444784283868
137.513889,30.9527535964234
137.486111,30.9614938384043
137.478852578279,30.963889
137.458333,30.9705050282686
137.430556,30.9799159027441
137.402778,30.9898059920929
137.397747951918,30.991667
137.375,30.999913098507
137.347222,31.0104206391483
137.324382101132,31.019444
137.319444,31.02136088351
137.291667,31.032529534838
137.263889,31.0441816169696
137.256868176875,31.047222
137.236111,31.0560652908246
137.208333,31.0683720998269
137.19389222217,31.075
137.180556,31.0810302577962
137.152778,31.0939920571455
137.134571682058,31.102778
137.125,31.1073386903267
137.097222,31.1209659902623
137.078291675125,31.130556
137.069444,31.1349726057592
137.041667,31.1492051951363
137.024409684232,31.158333
137.013889,31.1638339113071
136.986111,31.1787797292803
136.972866518485,31.186111
136.958333,31.1940564493475
136.930556,31.2096545890844
136.92319104591,31.213889
136.902778,31.2254924982309
136.875169688297,31.241667
136.875,31.2417653160546
136.847222,31.2581246711398
136.8285226216,31.269444
136.819444,31.2748881681828
136.791667,31.2919169476725
136.783186370849,31.297222
136.763889,31.3091660811995
136.738950580108,31.325
136.736111,31.3267874742584
136.708333,31.3445242441355
136.695671898764,31.352778
136.680556,31.3625421579916
136.653287152502,31.380556
136.652778,31.3808893995247
136.625,31.3992892795929
136.611613329449,31.408333
136.597222,31.4179730345725
136.570668643381,31.436111
136.569444,31.436940211318
136.541667,31.4559111661979
136.530166667974,31.463889
136.513889,31.4750868449741
136.490177232709,31.491667
136.486111,31.4944903120465
136.458333,31.5139790456795
136.450626795343,31.519444
136.430556,31.5335721664038
136.411436398365,31.547222
136.402778,31.5533646935262
136.375,31.573297714271
136.372639167646,31.575
136.347222,31.5932105103199
136.334041058853,31.602778
136.319444,31.613315143478
136.295799030091,31.630556
136.291667,31.6335510168034
136.263889,31.6537657897067
136.257659106495,31.658333
136.236111,31.6740448452758
136.219710499377,31.686111
136.208333,31.6944365204029
136.181924258488,31.713889
136.180556,31.7148928061056
136.152778,31.7352854227873
136.144130783713,31.741667
136.125,31.7557193427418
136.106446070086,31.769444
136.097222,31.7762318369222
136.069444,31.7967750676441
136.068838357755,31.797222
136.041667,31.8171810775131
136.031074701492,31.825
136.013889,31.8376237926348
135.993339407264,31.852778
135.986111,31.8580794979114
135.958333,31.8784792942987
135.955498587846,31.880556
135.930556,31.8987272859222
135.917392619992,31.908333
135.902778,31.9189351978027
135.879125010879,31.936111
135.875,31.9390904911672
135.847222,31.9590746060179
135.840509194424,31.963889
135.819444,31.9789010002864
135.801528771259,31.991667
135.791667,31.9986531081882
135.763889,32.0183056718613
135.762267387521,32.019444
135.736111,32.0377187007622
135.722486531864,32.047222
135.708333,32.0570455160955
135.682412960427,32.075
135.680556,32.0762807028018
135.652778,32.0952419880945
135.64168852822,32.102778
135.625,32.1140649205805
135.600510818951,32.130556
135.597222,32.1327594745282
135.569444,32.1511472144974
135.558500995888,32.158333
135.541667,32.1693221191488
135.515764157139,32.186111
135.513889,32.1873192404658
135.486111,32.2049368436434
135.471850483095,32.213889
135.458333,32.2223163714299
135.430556,32.2394362609601
135.426871402455,32.241667
135.402778,32.2561340237195
135.380334856525,32.269444
135.375,32.2725816369811
135.347222,32.2885852400193
135.331978352149,32.297222
135.319444,32.3042544804024
135.291667,32.3195167197888
135.281457097598,32.325
135.263889,32.334320583953
135.236111,32.3487245020438
135.228083452759,32.352778
135.208333,32.3626072792077
135.180556,32.3760813139045
135.171051564439,32.380556
135.152778,32.3890149897585
135.125,32.4014983202635
135.109306505509,32.408333
135.097222,32.4134931508815
135.069444,32.4249537792347
135.041667,32.4360640921406
135.041544940873,32.436111
135.013889,32.4464966595772
134.986111,32.4565651831159
134.965137345841,32.463889
134.958333,32.4662059511462
134.930556,32.4752612137675
134.902778,32.483955794817
134.87711324201,32.491667
134.875,32.4922842050996
134.847222,32.5000145211423
134.819444,32.5074093567507
134.791667,32.5144609193991
134.771075728284,32.519444
134.763889,32.5211281969767
134.736111,32.5273044087418
134.708333,32.5331710508481
134.680556,32.5387423399687
134.652778,32.544026301927
134.63496531511,32.547222
134.625,32.5489451974409
134.597222,32.5534282755054
134.569444,32.5576217234838
134.541667,32.561505093847
134.513889,32.5651019596183
134.486111,32.5684009161438
134.458333,32.5714636180196
134.430556,32.5742004632162
134.421598811316,32.575
134.402778,32.5766141490155
134.375,32.5787139270306
134.347222,32.5805783483285
134.319444,32.5821577616822
134.291667,32.583481576224
134.263889,32.5844857169051
134.236111,32.5851795236109
134.208333,32.585606373074
134.180556,32.585796834564
134.152778,32.5857252266221
134.125,32.5853655857513
134.097222,32.5847092811794
134.069444,32.5837305619958
134.041667,32.5824376073408
134.013889,32.5808921178898
133.986111,32.5791009148421
133.958333,32.5769800158812
133.93700216897,32.575
133.930556,32.574374590388
133.902778,32.5714893113681
133.875,32.5687089871757
133.847222,32.5658282371468
133.819444,32.5627535240579
133.791667,32.5594081429192
133.763889,32.55533027593
133.736111,32.5503810936042
133.715503244077,32.547222
133.708333,32.5461296830206
133.680556,32.5427321211649
133.652778,32.537896536995
133.625,32.5314121616881
133.597222,32.5258494137078
133.569444,32.5202117443286
133.566172463137,32.519444
133.541667,32.5136050071474
133.513889,32.508389973663
133.486111,32.5033871346633
133.458333,32.497981926102
133.430556,32.4921862372806
133.428428261469,32.491667
133.402778,32.4850942792394
133.375,32.4779211343788
133.347222,32.4714255011463
133.319444,32.4646603027121
133.316643980938,32.463889
133.291667,32.4565366397363
133.263889,32.4478443811764
133.236111,32.4384945214926
133.229192599425,32.436111
133.208333,32.4287688568311
133.180556,32.4198546041366
133.152778,32.4107974997281
133.146105171076,32.408333
133.125,32.3999833618805
133.097222,32.3892426243745
133.074301373606,32.380556
133.069444,32.3785875235777
133.041667,32.3665745765646
133.013889,32.3544943653746
133.009967003895,32.352778
132.986111,32.3418027883521
132.958333,32.3276656905829
132.953115825133,32.325
132.930556,32.3131858466701
132.902778,32.2982027315171
132.901071914032,32.297222
132.875,32.2814360713832
132.855758663293,32.269444
132.847222,32.2640023335237
132.819444,32.245932317223
132.813178528029,32.241667
132.791667,32.2262373742884
132.774947000895,32.213889
132.763889,32.2055149795136
132.738689459178,32.186111
132.736111,32.1840437995102
132.708333,32.1610357959556
132.705150542405,32.158333
132.680556,32.1367138852331
132.673716806754,32.130556
132.652778,32.1111996256389
132.643825190313,32.102778
132.625,32.0843790666926
132.615609765392,32.075
132.597222,32.0560834847161
132.588800636163,32.047222
132.569444,32.0261978519005
132.563327497724,32.019444
132.541667,31.994768693675
132.53900046004,31.991667
132.516005486145,31.963889
132.513889,31.9612905572083
132.493759437631,31.936111
132.486111,31.9261904999284
132.472581110999,31.908333
132.458333,31.8888555127199
132.452334836336,31.880556
132.433010963149,31.852778
132.430556,31.8491378640016
132.414541494847,31.825
132.402778,31.8067298096573
132.3967695706,31.797222
132.379931128332,31.769444
132.375,31.7610989230415
132.363832122104,31.741667
132.347975467947,31.713889
132.347222,31.7125001459831
132.333140547134,31.686111
132.319444,31.6595282397655
132.318839884056,31.658333
132.305209701393,31.630556
132.292023317681,31.602778
132.291667,31.6020038899901
132.279473496675,31.575
132.267228358007,31.547222
132.263889,31.5394058976185
132.255523844722,31.519444
132.244209772577,31.491667
132.236111,31.4713412900092
132.233196516775,31.463889
132.222587312841,31.436111
132.212198339639,31.408333
132.208333,31.3978658122152
132.202061124529,31.380556
132.192181460042,31.352778
132.182304680511,31.325
132.180556,31.3200475955994
132.17263942511,31.297222
132.163165741533,31.269444
132.153696011627,31.241667
132.152778,31.2389672288145
132.144387346237,31.213889
132.135196198517,31.186111
132.12599357366,31.158333
132.125,31.1553907744852
132.116760859472,31.130556
132.107546268961,31.102778
132.098372750264,31.075
132.097222,31.0715966167633
132.089125717589,31.047222
132.07980747043,31.019444
132.070378277652,30.991667
132.069444,30.9889459377688
132.061001493089,30.963889
132.051398068606,30.936111
132.041667,30.9086260497584
132.041565206865,30.908333
132.031684447919,30.880556
132.021589538116,30.852778
132.013889,30.8322181331021
132.011240964692,30.825
132.000800419072,30.797222
131.989970730343,30.769444
131.986111,30.7598228976175
131.978990835747,30.741667
131.967657777745,30.713889
131.958333,30.6921601007893
131.955786506917,30.686111
131.943658794056,30.658333
131.930878219091,30.630556
131.930556,30.6298840495726
131.917799615364,30.602778
131.9038963286,30.575
131.902778,30.5728584372254
131.889620933897,30.547222
131.875,30.5205048746315
131.874426310556,30.519444
131.858746343634,30.491667
131.847222,30.4725279153303
131.842061557123,30.463889
131.824580404125,30.436111
131.819444,30.4283538919945
131.80621666711,30.408333
131.791667,30.3876080524485
131.786693694085,30.380556
131.766007399899,30.352778
131.763889,30.3500588908546
131.744142222874,30.325
131.736111,30.3153147905805
131.720884779894,30.297222
131.708333,30.2829707367898
131.696169597699,30.269444
131.680556,30.2528455767867
131.669748657837,30.241667
131.652778,30.2247974685122
131.641416228718,30.213889
131.625,30.1986371033986
131.610942464874,30.186111
131.597222,30.1742186050327
131.577960995721,30.158333
131.569444,30.1514689641775
131.54192307942,30.130556
131.541667,30.1303642819243
131.513889,30.1105106934469
131.502284480928,30.102778
131.486111,30.0920609842471
131.458333,30.0750787517926
131.458196764142,30.075
131.430556,30.0589597609723
131.408255679338,30.047222
131.402778,30.0442973006581
131.375,30.0304981689737
131.350371865253,30.019444
131.347222,30.0179946258277
131.319444,30.0061206225649
131.291667,29.9954938620731
131.280698652157,29.991667
131.263889,29.9855793340817
131.236111,29.9765122331289
131.208333,29.9684983088729
131.190244878511,29.963889
131.180556,29.9612832536646
131.152778,29.9547360219665
131.125,29.9491778259989
131.097222,29.94453669071
131.069444,29.9407263744673
131.041667,29.9377681796119
131.021186716321,29.936111
131.013889,29.9354670516097
130.986111,29.9338394984113
130.958333,29.9330396662718
130.930556,29.9330310073994
130.902778,29.9338381157706
130.875,29.9355218775522
130.86876688385,29.936111
130.847222,29.9379754765377
130.819444,29.941089414021
130.791667,29.9451782408287
130.763889,29.9500927423805
130.736111,29.9560638391801
130.708333,29.9631928157633
130.705913070583,29.963889
130.680556,29.9706212182105
130.652778,29.9790023217888
130.625,29.9887908531265
130.617472762464,29.991667
130.597222,29.9991047534809
130.569444,30.0094566929538
130.542688210972,30.019444
130.541667,30.0197919234535
130.513889,30.0292228120267
130.486111,30.0412723316182
130.478037702363,30.047222
130.458333,30.0628154670169
130.442303481578,30.075
130.430556,30.0819428731139
130.402778,30.0854018472212
130.375,30.0964157434458
130.367654098457,30.102778
130.347222,30.1236310039146
130.341167413888,30.130556
130.319444,30.1548704168165
130.314910502989,30.158333
130.291667,30.1731070416544
130.273689913465,30.186111
130.263889,30.1931823251495
130.236255709609,30.213889
130.236111,30.2140046291459
130.208333,30.2346694589402
130.198764852146,30.241667
130.180556,30.2560050722398
130.163539132936,30.269444
130.152778,30.281980316606
130.140903018598,30.297222
130.125,30.3099768245272
130.105304181617,30.325
130.097222,30.3321508784297
130.069444,30.3493308075515
130.06240486495,30.352778
130.041667,30.3630707760099
130.013889,30.376796389006
130.008139838799,30.380556
129.986111,30.3945322170866
